,Address,City,State,Zip,Price,Beds,Baths,Home size,Lot size,Latitude,Longitude
1,"
                  110 Ocean St,
                  ",Santa Cruz,CA,95060,"$699,000",3,2,"1,018","3,441",36.96909,-122.016128
2,"
                  205 Brookside Ave,
                  ",Santa Cruz,CA,95060,"$795,000",2,2,"1,084","4,617",36.986889,-122.016068
3,"
                  124 Donna Ct,
                  ",Santa Cruz,CA,95060,"$1,199,000",4,2.5,"1,728",0.26,36.96904,-122.055037
4,"
                  1138 Western Dr,
                  ",Santa Cruz,CA,95060,"$1,198,000",3,2,"1,749",0.24,36.977795,-122.058018
5,"
                  312 Towhee Dr,
                  ",Santa Cruz,CA,95060,"$849,000",2,2,"1,981",0.95,37.054657,-122.147778
6,"
                  422 Grant St,
                  ",Santa Cruz,CA,95060,"$879,950",3,1.5,"1,364","7,275",36.984922,-122.017755
7,"
                  154 Azalea Ln,
                  ",Santa Cruz,CA,95060,"$880,000",3,2,"1,684",1.22,37.042519,-122.110933
8,"
                  121 Palomino Way,
                  ",Santa Cruz,CA,95060,"$2,125,000",4,4.5,"4,893",0.51,37.009777,-122.037955
9,"
                  320 Towhee Dr,
                  ",Santa Cruz,CA,95060,"$924,900",3,2,"1,796",0.91,37.054667,-122.148399
10,"
                  117 LA Canada Way,
                  ",Santa Cruz,CA,95060,"$949,000",2,2,"1,826",0.37,37.01775,-122.035071
11,"
                  168 Bernard Ln,
                  ",Santa Cruz,CA,95060,"$1,050,000",4,4,"2,419",1.09,37.029289,-122.008065
12,"
                  36 Grainger Ln,
                  ",Santa Cruz,CA,95060,"$915,000",3,2,"1,744",1.75,37.071453,-122.130477
13,"
                  343 Pineridge Rd,
                  ",Santa Cruz,CA,95060,"$1,099,000",4,3.5,"2,738",1.37,37.043317,-122.114468
14,"
                  215 Weeks Ave,
                  ",Santa Cruz,CA,95060,"$1,395,000",5,2.5,"2,445",0.23,36.97023,-122.033958
15,"
                  143 Acadia Ave,
                  ",Santa Cruz,CA,95060,"$895,000",2,1,875,"1,699",36.96607,-122.037143
16,"
                  108 Meadowview Ln,
                  ",Santa Cruz,CA,95060,"$969,000",3,3.5,"2,920","3,136",36.989692,-122.013024
17,"
                  150 Rankin St,
                  ",Santa Cruz,CA,95060,"$839,000",2,1.5,"1,052","3,136",36.960574,-122.041467
18,"
                  127 Button St,
                  ",Santa Cruz,CA,95060,"$776,000",2,2.5,"1,161","2,134",36.987491,-122.020944
19,"
                  1820 W Cliff Dr,
                  ",Santa Cruz,CA,95060,"$2,490,000",3,2,"1,752","5,227",36.949841,-122.050177
20,"
                  1111 Escalona Dr,
                  ",Santa Cruz,CA,95060,"$925,000",2,2,"1,463","6,621",36.968898,-122.046261
21,"
                  405 Dufour St,
                  ",Santa Cruz,CA,95060,"$899,000",2,1,"1,165","4,966",36.961543,-122.038829
22,"
                  111 Button St,
                  ",Santa Cruz,CA,95060,"$825,000",3,2.5,"1,326","2,701",36.987144,-122.021356
23,"
                  410 High St,
                  ",Santa Cruz,CA,95060,"$2,450,000",5,4,"3,334",0.5,36.977651,-122.035965
24,"
                  5 S Circle Dr,
                  ",Santa Cruz,CA,95060,"$1,350,000",4,2.5,"2,596",0.71,36.996146,-122.021019
25,"
                  331 Van Ness Ave,
                  ",Santa Cruz,CA,95060,"$950,000",3,1.5,"1,318","7,710",36.969862,-122.041083
26,"
                  312 Dakota Ave,
                  ",Santa Cruz,CA,95060,"$899,998",3,2,"1,418","6,882",36.977186,-122.018338
27,"
                  417 Laurent St,
                  ",Santa Cruz,CA,95060,"$1,095,000",3,2,"1,209","7,275",36.96875,-122.041334
28,"
                  900 N Plymouth St,
                  ",Santa Cruz,CA,95060,"$1,495,000",4,2.5,"3,025",2.09,36.996039,-122.01838
29,"
                  506 Seaside St,
                  ",Santa Cruz,CA,95060,"$849,000",3,2,"1,100","4,792",36.96213,-122.040665
30,"
                  712 Almar Ave,
                  ",Santa Cruz,CA,95060,"$824,950",2,1,"1,098","5,576",36.958812,-122.042975
31,"
                  1206 King St,
                  ",Santa Cruz,CA,95060,"$1,299,000",2,2,"1,220","7,231",36.968123,-122.043481
32,"
                  5 Bird Hill Ln,
                  ",Santa Cruz,CA,95060,"$3,295,000",3,3.5,"3,624","9,801",36.997848,-122.024389
33,"
                  118 Harvard St,
                  ",Santa Cruz,CA,95060,"$899,000",2,1,864,"4,095",36.954392,-122.035154
34,"
                  212 Blackburn St,
                  ",Santa Cruz,CA,95060,"$850,000",2,1,616,"6,011",36.967433,-122.030751
35,"
                  195 Miracle Ln,
                  ",Santa Cruz,CA,95060,"$1,600,000",3,2.5,"2,314",1.79,37.015058,-122.012662
36,"
                  211 Wanzer St,
                  ",Santa Cruz,CA,95060,"$1,495,000",2,2,"2,044","5,009",36.951775,-122.046254
37,"
                  416 Escalona Dr,
                  ",Santa Cruz,CA,95060,"$1,799,000",4,3,"2,771","7,318",36.976369,-122.036824
38,"
                  107 Las Ondas Ct,
                  ",Santa Cruz,CA,95060,"$995,000",3,2,"1,600","5,445",36.963526,-122.049586
39,"
                  1690 Glen Canyon Rd,
                  ",Santa Cruz,CA,95060,"$7,300,000",6,5.5,"5,000",62.98,37.023326,-122.015293
40,"
                  123 Ross St,
                  ",Santa Cruz,CA,95060,"$1,345,000",3,2.5,"2,100","8,886",36.979213,-122.04211
41,"
                  1307 W Cliff Dr,
                  ",Santa Cruz,CA,95060,"$5,495,000",4,3,"2,904",0.49,36.950508,-122.044616
42,"
                  211 Glover St,
                  ",Santa Cruz,CA,95060,"$1,150,000",3,2,"1,634","6,229",36.963712,-122.045024
43,"
                  307 Laguna St,
                  ",Santa Cruz,CA,95060,"$1,400,000",3,3,"2,428","7,144",36.957178,-122.029736
44,"
                  415 Plateau Ave,
                  ",Santa Cruz,CA,95060,"$1,250,000",3,2,"1,214","6,229",36.955156,-122.043367
1,"
                  204 E 6th St,
                  ",Gilroy,CA,95020,"$585,000",2,1,"1,525","6,534",37.020721,-121.572342
2,"
                  7835 Dickens Way,
                  ",Gilroy,CA,95020,"$659,000",3,2.5,"1,568","1,830",37.01101,-121.585473
3,"
                  1441 Peregrine Dr,
                  ",Gilroy,CA,95020,"$799,000",3,2,"1,469","6,281",37.032499,-121.609591
4,"
                  7164 Redwood Retreat Rd,
                  ",Gilroy,CA,95020,"$649,500",3,1,"1,400",9.23,37.043242,-121.718618
5,"
                  9390 Church St,
                  ",Gilroy,CA,95020,"$734,999",4,2.5,"1,789","3,419",37.032689,-121.584952
6,"
                  9691 Ohlone Way,
                  ",Gilroy,CA,95020,"$918,000",5,3,"3,093","6,351",37.03283,-121.601899
7,"
                  759 Carla Way,
                  ",Gilroy,CA,95020,"$668,800",3,2,"1,364","5,998",37.021441,-121.587241
8,"
                  2821 Caledonia Way,
                  ",Gilroy,CA,95020,"$1,115,000",5,4,"3,581","5,998",37.006007,-121.619198
9,"
                  1505 Welburn Ave,
                  ",Gilroy,CA,95020,"$1,499,000",2,2.5,"4,512",1.37,37.01875,-121.603148
10,"
                  721 Eschenburg Dr,
                  ",Gilroy,CA,95020,"$719,950",3,2,"1,696","8,634",37.005183,-121.578239
11,"
                  8581 Delta Dr,
                  ",Gilroy,CA,95020,"$729,999",3,2,"1,102","7,000",37.018833,-121.600036
12,"
                  7625 El Roble Ct,
                  ",Gilroy,CA,95020,"$699,900",3,2,"1,839","8,124",37.006712,-121.587937
13,"
                  6811 Church St,
                  ",Gilroy,CA,95020,"$699,995",3,1.5,"1,950","6,547",36.997016,-121.56773
14,"
                  7521 Carmel St,
                  ",Gilroy,CA,95020,"$699,000",3,1.5,"1,514","5,985",37.006681,-121.577221
15,"
                  1774 Rancho Hills Ct,
                  ",Gilroy,CA,95020,"$1,187,000",4,3,"3,062",0.34,37.019734,-121.609303
16,"
                  2665 Dryden Ave,
                  ",Gilroy,CA,95020,"$899,950",3,2,"1,461",1.07,37.039722,-121.533489
17,"
                  1837 Tamarind Way,
                  ",Gilroy,CA,95020,"$874,900",3,2.5,"2,656","5,005",37.008866,-121.608913
18,"
                  5502 Mesa Rd,
                  ",Gilroy,CA,95020,"$749,900",3,2,"1,820","6,364",36.979027,-121.570417
19,"
                  1935 Saint Andrews Cir Unit Cl,
                  ",Gilroy,CA,95020,"$1,215,000",5,3.5,"3,843","8,433",37.003806,-121.602189
20,"
                  7725 Wren Ave,
                  ",Gilroy,CA,95020,"$737,000",4,2,"1,839","8,777",37.008606,-121.587374
21,"
                  761 Eschenburg Dr,
                  ",Gilroy,CA,95020,"$749,000",3,3,"1,826","7,244",37.00478,-121.579624
22,"
                  7556 Turnberry Way,
                  ",Gilroy,CA,95020,"$876,600",4,3.5,"2,333","3,672",37.003437,-121.613875
23,"
                  937 Martiri Ct,
                  ",Gilroy,CA,95020,"$820,000",4,2.5,"2,274","6,098",37.027016,-121.597337
24,"
                  11920 New Ave,
                  ",Gilroy,CA,95020,"$1,174,888",3,2,"1,835",1.02,37.079777,-121.562019
25,"
                  990 Hoxett St,
                  ",Gilroy,CA,95020,"$778,500",4,2.5,"2,097","7,497",37.000408,-121.586069
26,"
                  9055 Brittany Ct,
                  ",Gilroy,CA,95020,"$825,000",4,3,"1,891","7,836",37.024529,-121.587957
27,"
                  1432 Mantelli Dr,
                  ",Gilroy,CA,95020,"$685,000",3,2,"1,150","6,939",37.020335,-121.602034
28,"
                  9632 Eagle Hills Way,
                  ",Gilroy,CA,95020,"$939,899",6,2.5,"2,464","6,037",37.031562,-121.606964
29,"
                  9049 Soledad St,
                  ",Gilroy,CA,95020,"$910,000",4,3,"2,383","6,595",37.02372,-121.601315
30,"
                  9 Lusitano Way,
                  ",Gilroy,CA,95020,"$721,000",4,2.5,"2,071","5,218",36.991016,-121.56272
31,"
                  7546 Pickeman Ct,
                  ",Gilroy,CA,95020,"$1,200,000",5,3.5,"3,574","9,043",37.004554,-121.622004
32,"
                  1472 Holly Ct,
                  ",Gilroy,CA,95020,"$815,000",4,3,"2,268","7,196",37.007145,-121.598177
33,"
                  9515 Sugar Babe Dr,
                  ",Gilroy,CA,95020,"$1,499,000",4,3.5,"3,796",4.5,37.05396,-121.535729
34,"
                  8192 Honeycomb Ln,
                  ",Gilroy,CA,95020,"$1,150,000",4,2.5,"2,300",1.08,37.015431,-121.649856
35,"
                  713 Saint Clar Ave,
                  ",Gilroy,CA,95020,"$839,000",4,2.5,"2,079","5,854",37.025679,-121.591819
36,"
                  Residence 2,
                  ",Gilroy,CA,95020,"$887,900",4,3,"2,771",,36.988898,-121.58417
37,"
                  11450 New Ave,
                  ",Gilroy,CA,95020,"$1,399,900",4,2.5,"2,566",2.48,37.073571,-121.558827
38,"
                  6680 Eagle Ridge Ct,
                  ",Gilroy,CA,95020,"$1,125,000",4,3,"2,808","8,777",36.991282,-121.594945
39,"
                  2400 Olea Ct,
                  ",Gilroy,CA,95020,"$1,588,000",5,4.5,"4,502",0.93,37.027011,-121.622313
40,"
                  Residence 1,
                  ",Gilroy,CA,95020,"$884,900",4,3,"2,647",,36.988898,-121.58417
41,"
                  8650 Leavesley Rd,
                  ",Gilroy,CA,95020,"$1,995,000",4,3,"3,900",60.89,37.052478,-121.507948
42,"
                  1980 Lavender Way,
                  ",Gilroy,CA,95020,"$1,449,000",3,3.5,"3,120",0.33,37.023328,-121.613942
43,"
                  1138 Viognier Way,
                  ",Gilroy,CA,95020,"$1,099,900",4,3,"3,616","5,502",36.988108,-121.582506
44,"
                  730 Baxter Way,
                  ",Gilroy,CA,95020,"$869,900",4,3,"2,622","4,016",,
1,"
                  31 Sydney Ave,
                  ",Freedom,CA,95019,"$534,000",2,1,"1,202","6,142",36.930942,-121.770742
2,"
                  38 Jehl Ave,
                  ",Freedom,CA,95019,"$749,000",3,2,"1,100","5,227",36.931351,-121.771715
3,"
                  20 LA Casa Ct,
                  ",Freedom,CA,95019,"$749,900",3,2,"1,524",0.36,36.943735,-121.788037
1,"
                  411 24th Ave,
                  ",Santa Cruz,CA,95062,"$1,799,500",4,2,"1,849","3,659",36.960781,-121.979078
2,"
                  4325 Court Dr,
                  ",Santa Cruz,CA,95062,"$1,375,000",3,1,"1,278","5,140",36.964268,-121.963424
3,"
                  220 Geoffroy Dr,
                  ",Santa Cruz,CA,95062,"$5,800,000",4,4,"3,008","8,581",36.959871,-121.990711
4,"
                  321 15th Ave,
                  ",Santa Cruz,CA,95062,"$1,349,000",3,2,"1,274","5,750",36.962527,-121.991777
5,"
                  113 4th Ave,
                  ",Santa Cruz,CA,95062,"$3,599,000",4,2.5+,"2,658","5,837",36.964119,-122.005066
6,"
                  1855 15th Ave,
                  ",Santa Cruz,CA,95062,"$879,000",3,2,"1,263","5,706",36.978336,-121.985627
7,"
                  1600 Taylor Ln,
                  ",Santa Cruz,CA,95062,"$1,449,000",4,3,"2,182",0.93,36.978994,-121.994599
8,"
                  528 Atlantic Ave,
                  ",Santa Cruz,CA,95062,"$4,500,000",2,2.5,"1,322",0.26,36.964277,-122.004047
9,"
                  2011 7th Ave,
                  ",Santa Cruz,CA,95062,"$765,000",2,1,"1,252","6,229",36.980959,-121.990062
10,"
                  711 Darwin St,
                  ",Santa Cruz,CA,95062,"$799,000",2,2,"1,000","4,966",36.979804,-122.007678
11,"
                  110 21st Ave,
                  ",Santa Cruz,CA,95062,"$4,475,000",3,3,"2,361","2,309",36.960527,-121.985289
12,"
                  510 Murray St,
                  ",Santa Cruz,CA,95062,"$1,049,000",3,2,"1,100","1,786",36.966908,-122.008624
13,"
                  195 Moran Way,
                  ",Santa Cruz,CA,95062,"$2,350,000",3,3,"2,418","6,273",36.957523,-121.975278
14,"
                  1768 Del Mar Ct,
                  ",Santa Cruz,CA,95062,"$859,000",4,2.5,"1,542","4,661",36.965977,-121.985493
15,"
                  105 Seabright Ave,
                  ",Santa Cruz,CA,95062,"$4,799,999",3,2,"1,620",0.24,36.96394,-122.007947
16,"
                  130 Sunny Cove Dr,
                  ",Santa Cruz,CA,95062,"$1,795,000",3,2,"1,803","3,746",36.960646,-121.988652
17,"
                  162 Hagemann Ave,
                  ",Santa Cruz,CA,95062,"$1,700,000",3,3,"2,181",0.63,36.980039,-122.001146
18,"
                  3242 Churnside Ln,
                  ",Santa Cruz,CA,95062,"$799,999",3,2,"1,183","5,184",36.98022,-121.971369
19,"
                  2938 Renwick Way,
                  ",Santa Cruz,CA,95062,"$1,288,800",4,3,"2,602","8,886",36.971756,-121.974851
20,"
                  1701 Lotman Dr,
                  ",Santa Cruz,CA,95062,"$849,000",4,2,"1,401","7,100",36.973912,-121.971892
21,"
                  515 Corcoran Ave,
                  ",Santa Cruz,CA,95062,"$1,575,000",4,3,"1,920","7,666",36.963151,-121.982153
22,"
                  906 Corcoran Ave,
                  ",Santa Cruz,CA,95062,"$899,000",3,2,"1,437","6,098",36.966717,-121.98015
23,"
                  740 17th Ave,
                  ",Santa Cruz,CA,95062,"$2,200,000",10,1.5+,"4,236",0.31,36.965854,-121.985726
24,"
                  4700 Portola Dr,
                  ",Santa Cruz,CA,95062,"$1,150,000",3,3,"1,489","6,011",36.967401,-121.959345
25,"
                  518 Pine St,
                  ",Santa Cruz,CA,95062,"$1,399,000",4,3,"1,908","5,097",36.973514,-122.012191
26,"
                  229 2nd Ave,
                  ",Santa Cruz,CA,95062,"$1,595,000",2,2,"1,026","3,746",36.965934,-122.006597
27,"
                  3230 Hawes Dr,
                  ",Santa Cruz,CA,95062,"$1,125,000",1,2,871,"2,919",36.958452,-121.971957
28,"
                  2310 Mattison Ln,
                  ",Live Oak,CA,95062,"$849,900",3,2,"1,067","6,403",36.97982,-121.977001
29,"
                  3870 Floral Ct,
                  ",Santa Cruz,CA,95062,"$1,698,000",4,2,"1,827","4,138",36.960719,-121.966239
30,"
                  1977 Newport Ave,
                  ",Santa Cruz,CA,95062,"$1,100,000",4,3,"1,940","6,316",36.977848,-121.9724
31,"
                  22035 E Cliff Dr,
                  ",Santa Cruz,CA,95062,"$1,595,000",3,3,"1,611","3,049",36.961224,-121.985426
32,"
                  730 Tanner Ct,
                  ",Santa Cruz,CA,95062,"$1,295,000",3,2.5,"2,043","5,576",36.977762,-121.991986
33,"
                  301 Anchorage Ave,
                  ",Santa Cruz,CA,95062,"$1,599,000",3,3,"2,110","5,314",36.957819,-121.9743
34,"
                  916 Windsor St,
                  ",Santa Cruz,CA,95062,"$1,335,000",4,3,"2,193","7,884",36.974918,-122.00491
35,"
                  357 13th Ave,
                  ",Santa Cruz,CA,95062,"$1,198,000",2,2,948,"2,396",36.96346,-121.993281
36,"
                  1950 Halterman Ave,
                  ",Santa Cruz,CA,95062,"$885,000",3,2,"1,425","6,665",36.978614,-121.977585
37,"
                  325 Park Way,
                  ",Santa Cruz,CA,95062,"$899,000",3,2,"1,274",0.25,36.983931,-121.998344
38,"
                  2210 S Rodeo Gulch Rd,
                  ",Santa Cruz,CA,95062,"$815,000",3,1.5,"1,050","6,795",36.981254,-121.969287
39,"
                  512 Darwin St,
                  ",Santa Cruz,CA,95062,"$949,000",2,1,939,"5,924",36.977679,-122.006498
40,"
                  308 7th Ave,
                  ",Santa Cruz,CA,95062,"$1,349,000",3,2,"1,764","2,962",36.9654,-121.998073
41,"
                  4342 Gladys Ave,
                  ",Santa Cruz,CA,95062,"$1,250,000",2,1,"1,054","5,968",36.967231,-121.962122
42,"
                  608 Pine St,
                  ",Santa Cruz,CA,95062,"$1,649,000",4,2,"1,650","5,001",36.974294,-122.012747
43,"
                  335 25th Ave,
                  ",Santa Cruz,CA,95062,"$1,299,850",3,2,"1,560","6,055",36.960297,-121.98045
44,"
                  2606 Paul Minnie Ave,
                  ",Santa Cruz,CA,95062,"$1,525,000",3,1,"1,260",0.63,36.985644,-121.983659
1,"
                  640 Buckeye Dr,
                  ",Felton,CA,95018,"$745,000",2,2,"1,586",0.71,37.037494,-122.080267
2,"
                  11684 Lakeshore Dr,
                  ",Felton,CA,95018,"$699,000",3,2,"1,969","8,146",37.151924,-119.646042
3,"
                  10229 Redwood Dr,
                  ",Felton,CA,95018,"$487,000",2,2,"1,098",1.09,37.098995,-122.056568
4,"
                  165 West Dr,
                  ",Felton,CA,95018,"$319,000",2,2,692,0.24,37.104455,-122.052733
5,"
                  146 El Solyo Heights Dr,
                  ",Felton,CA,95018,"$715,000",3,2.5,"1,797","7,710",37.066162,-122.080578
6,"
                  12120 Coleman Ave,
                  ",Felton,CA,95018,"$399,000",2,1,984,0.31,37.107752,-122.04588
7,"
                  10250 Lomita Ave,
                  ",Felton,CA,95018,"$349,000",1,1,475,0.51,37.099321,-122.053778
8,"
                  10590 Lomita Ave,
                  ",Felton,CA,95018,"$629,000",2,2,"1,135",0.56,37.151924,-119.646042
9,"
                  1205 Lakeside Dr,
                  ",Felton,CA,95018,"$689,500",3,2,"1,344",0.45,37.033296,-122.080974
10,"
                  9592 E Zayante Rd,
                  ",Felton,CA,95018,"$539,000",2,1,772,0.42,37.087955,-122.044105
11,"
                  280 Zayante School Rd,
                  ",Felton,CA,95018,"$899,000",2,2,"1,841",3.56,37.078138,-122.046518
12,"
                  2130 Upper Scenic Dr,
                  ",Felton,CA,95018,"$975,000",2,2,"1,442",2.03,37.025453,-122.073517
13,"
                  5420 Highway 9,
                  ",Felton,CA,95018,"$999,000",3,3,"3,012",1.04,37.040896,-122.071047
14,"
                  4481 Highway 9,
                  ",Felton,CA,95018,"$849,000",1,1,480,4.84,37.030782,-122.06563
15,"
                  846 Hillcrest Dr,
                  ",Felton,CA,95018,"$599,000",2,1,874,0.31,37.041461,-122.081406
16,"
                  640 Hillcrest Dr,
                  ",Felton,CA,95018,"$760,000",3,2,"1,199","8,756",37.041808,-122.079842
17,"
                  1846 Sleepy Hollow Ln,
                  ",Felton,CA,95018,"$715,000",3,2,"1,526",1.46,37.031607,-122.088227
18,"
                  10405 Lake Blvd,
                  ",Felton,CA,95018,"$719,000",3,3,"2,101",0.49,37.091855,-122.050946
19,"
                  304 San Lorenzo Ave,
                  ",Felton,CA,95018,"$789,000",3,2,"1,556","8,451",37.040595,-122.075833
20,"
                  9275 Zayante Dr,
                  ",Felton,CA,95018,"$595,000",2,1,600,0.23,37.087565,-122.048472
21,"
                  6915 Highway 9,
                  ",Felton,CA,95018,"$899,000",4,4,"2,098",0.86,37.059596,-122.079767
1,"
                  107 Fairland Way,
                  ",Santa Cruz,CA,95065,"$899,900",3,3,"1,840","5,184",36.988687,-121.990512
2,"
                  260 Castle Dr,
                  ",Santa Cruz,CA,95065,"$3,975,000",7,6.5,"7,067",6.2,37.013772,-121.980944
3,"
                  129 Prospect Ct,
                  ",Santa Cruz,CA,95065,"$1,274,900",4,4,"3,351",0.28,36.992396,-121.994427
4,"
                  100 Charles Hill Ct,
                  ",Santa Cruz,CA,95065,"$1,948,000",5,2.5,"3,942",2.96,37.083195,-121.971833
5,"
                  126 Goss Ave,
                  ",Santa Cruz,CA,95065,"$998,000",3,2,"2,257","7,362",36.989877,-122.011595
6,"
                  405 Waugh Ave,
                  ",Santa Cruz,CA,95065,"$975,000",3,2.5,"1,936",0.86,37.004385,-121.971731
7,"
                  4260 Paul Sweet Rd,
                  ",Santa Cruz,CA,95065,"$3,750,000",4,4,"4,500",25.94,37.003211,-121.985369
8,"
                  1661 Franky Ct,
                  ",Santa Cruz,CA,95065,"$899,000",3,2.5,"1,796","3,485",36.993443,-121.980764
9,"
                  337 Thin Edge Rd,
                  ",Santa Cruz,CA,95065,"$1,599,000",5,3,"3,700",2.92,37.068294,-121.979479
10,"
                  767 Charles Hill Rd,
                  ",Santa Cruz,CA,95065,"$1,299,000",3,2,"3,082",3.09,37.081596,-121.970674
11,"
                  377 Waugh Ave,
                  ",Santa Cruz,CA,95065,"$1,080,000",4,2.5,"2,987","9,801",37.005202,-121.972893
12,"
                  365 Granite Creek Rd,
                  ",Santa Cruz,CA,95065,"$1,399,000",6,3,"3,691",2.65,37.022753,-121.997536
13,"
                  108 Goss Ct,
                  ",Santa Cruz,CA,95065,"$774,900",2,2.5,"1,132","3,223",36.990073,-122.007044
14,"
                  787 Rider Ridge Rd,
                  ",Santa Cruz,CA,95065,"$1,600,000",4,2.5,"3,190",2.56,37.066411,-121.967455
15,"
                  613 Park Way,
                  ",Santa Cruz,CA,95065,"$1,425,000",4,3,"2,334","8,538",36.989089,-121.997891
16,"
                  5373 Branciforte Dr,
                  ",Santa Cruz,CA,95065,"$1,399,000",6,3.5,"3,947",1.98,37.050628,-121.979597
17,"
                  3881 Winkle Ave,
                  ",Santa Cruz,CA,95065,"$1,349,000",4,3.5,"3,059",0.27,36.998145,-121.973432
18,"
                  101 Goss Ct,
                  ",Santa Cruz,CA,95065,"$849,000",2,2.5,"1,247","5,924",36.990019,-122.007375
19,"
                  570 Rider Ridge Rd,
                  ",Santa Cruz,CA,95065,"$2,995,000",4,4.5,"5,570",24.66,37.071753,-121.968768
20,"
                  319 Pestana Ave,
                  ",Santa Cruz,CA,95065,"$875,000",3,2,"1,300","6,839",37.000567,-121.976916
21,"
                  3280 3282 Winkle Ave,
                  ",Santa Cruz,CA,95065,"$1,299,000",5,4.5,"3,128","7,841",36.991465,-121.973941
22,"
                  1640 Franky Ct,
                  ",Santa Cruz,CA,95065,"$879,000",3,3,"1,811","3,615",36.993172,-121.981015
23,"
                  255 Jupiter Ter,
                  ",Santa Cruz,CA,95065,"$2,900,000",3,2,"1,522",7.95,37.073183,-121.983898
24,"
                  5010 Winkle Ave,
                  ",Santa Cruz,CA,95065,"$995,000",4,2.5,"1,900",0.27,37.001843,-121.972767
25,"
                  4812 Thurber Ln,
                  ",Santa Cruz,CA,95065,"$829,500",3,2,"1,160","6,316",36.998365,-121.974906
26,"
                  3304 Winkle Ave,
                  ",Santa Cruz,CA,95065,"$1,449,000",5,4.5,"3,002","9,148",36.991429,-121.974283
1,"
                  612 Swanton Rd,
                  ",Davenport,CA,95017,"$275,000",1,1,480,9.79,37.14457,-122.234504
2,"
                  664 Swanton Rd,
                  ",Davenport,CA,95017,"$509,000",1,1,520,4.91,37.132377,-122.241048
3,"
                  20 3rd Ave,
                  ",Davenport,CA,95017,"$949,000",3,1.5,979,"7,379",37.01995,-122.203886
4,"
                  672 Swanton Rd,
                  ",Davenport,CA,95017,"$499,000",2,1,500,5.99,37.141938,-122.240742
1,"
                  115 Blueberry Ct,
                  ",Scotts Valley,CA,95066,"$1,295,000",3,2.5,"2,786",0.29,37.038228,-122.033742
2,"
                  14 Sageland Ct,
                  ",Scotts Valley,CA,95066,"$1,249,000",4,3,"2,275","9,888",37.065935,-122.007335
3,"
                  501 Shasta Park Ct,
                  ",Scotts Valley,CA,95066,"$1,495,000",4,3,"3,298",0.33,37.033437,-122.029667
4,"
                  68 Mount Hermon Rd,
                  ",Scotts Valley,CA,95066,"$559,000",5,3,"2,110",0.57,37.03935,-122.022638
5,"
                  121 Woodhill Dr,
                  ",Scotts Valley,CA,95066,"$890,000",3,2.5,"1,803","2,265",37.051682,-122.016796
6,"
                  308 Nelson Rd,
                  ",Scotts Valley,CA,95066,"$619,000",3,2,"1,505",0.51,37.061256,-122.028068
7,"
                  409 Pioneer Ln,
                  ",Scotts Valley,CA,95066,"$975,000",4,3,"2,000","2,191",37.0547,-122.013911
8,"
                  701 Pinecone Dr,
                  ",Scotts Valley,CA,95066,"$1,299,000",5,3,"2,712",0.29,37.038872,-122.037235
9,"
                  1545 MT Hermon Rd Unit A-B,
                  ",Scotts Valley,CA,95066,"$1,095,000",2,1,"1,433",2.64,37.055708,-122.043426
10,"
                  1614 Lockhart Gulch Rd,
                  ",Scotts Valley,CA,95066,"$679,000",3,3,"1,366","4,617",37.070881,-122.034164
11,"
                  140 Loma Linda Ct,
                  ",Scotts Valley,CA,95066,"$1,196,000",3,3,"2,484",0.24,37.037703,-122.03853
12,"
                  281 Hidden Glen Dr,
                  ",Scotts Valley,CA,95066,"$2,099,000",5,4,"4,018",0.51,37.03323,-122.036075
13,"
                  1160 Whispering Pines Dr,
                  ",Scotts Valley,CA,95066,"$999,000",3,2,"2,345","9,365",37.037586,-122.038139
14,"
                  58 Mount Hermon Rd,
                  ",Scotts Valley,CA,95066,"$899,000",3,2,"1,138",1.69,37.038869,-122.02227
15,"
                  305 Piper Cub Ct,
                  ",Scotts Valley,CA,95066,"$999,950",4,3,"2,142","3,136",37.050187,-122.03332
16,"
                  25 Milano Ct,
                  ",Scotts Valley,CA,95066,"$1,110,000",3,2.5,"1,656","4,138",37.062453,-122.010614
17,"
                  66 Mill Site Rd,
                  ",Scotts Valley,CA,95066,"$1,250,000",3,2,"2,615",3.2,37.058703,-122.020056
18,"
                  699 Ryder Rd,
                  ",Scotts Valley,CA,95066,"$2,799,000",3,3,"4,012",174.45,37.076503,-122.041411
19,"
                  420 Woodland Dr,
                  ",Scotts Valley,CA,95066,"$890,000",2,2,"1,229",1.39,37.099218,-121.985096
20,"
                  7200 Highway 17,
                  ",Scotts Valley,CA,95066,"$1,600,000",4,3.5,"3,138",7.84,37.075589,-121.989636
21,"
                  80 Cathy Ln,
                  ",Scotts Valley,CA,95066,"$935,000",3,2,"1,728",1.67,37.053311,-122.01738
22,"
                  413 Southwood Dr,
                  ",Scotts Valley,CA,95066,"$1,045,000",3,2.5,"2,111",0.24,37.055029,-122.006651
23,"
                  1030 Whispering Pines Dr,
                  ",Scotts Valley,CA,95066,"$1,288,888",4,2.5,"2,914","8,756",37.038042,-122.035669
24,"
                  144 Eagle Crest Dr,
                  ",Scotts Valley,CA,95066,"$1,148,000",4,3,"2,438",3.81,37.097995,-121.976817
25,"
                  500 LA Cuesta Dr,
                  ",Scotts Valley,CA,95066,"$1,200,000",4,3.5,"2,058",1.01,37.037986,-122.029681
26,"
                  303 Harvest Ln,
                  ",Scotts Valley,CA,95066,"$925,000",3,2.5,"1,898","2,191",37.054237,-122.013652
27,"
                  908 Coast Range Dr,
                  ",Scotts Valley,CA,95066,"$975,000",3,2.5,"1,587","3,833",37.053661,-122.032266
28,"
                  363 Collado Dr,
                  ",Scotts Valley,CA,95066,"$1,379,000",4,2.5,"2,634",0.23,37.042659,-122.033395
29,"
                  130 Royal Oak Ct,
                  ",Scotts Valley,CA,95066,"$1,925,000",5,3.5,"4,429",0.53,37.035319,-122.036231
30,"
                  250 Quail Ridge Rd,
                  ",Scotts Valley,CA,95066,"$1,350,000",3,3,"2,726",4.55,37.086582,-121.972658
31,"
                  113 Lucia Ln,
                  ",Scotts Valley,CA,95066,"$1,259,000",4,2.5,"2,892",0.25,37.042543,-122.023637
32,"
                  905 Coast Range Dr,
                  ",Scotts Valley,CA,95066,"$969,000",5,2.5,"1,669","3,136",37.053669,-122.032794
33,"
                  4304 Scotts Valley Dr,
                  ",Scotts Valley,CA,95066,"$899,000",3,2,"1,965","1,372",37.046064,-122.02
34,"
                  1021 Aviator Ct,
                  ",Scotts Valley,CA,95066,"$999,950",5,2.5,"2,034","3,746",37.052418,-122.032751
35,"
                  4 Cabernet Ct,
                  ",Scotts Valley,CA,95066,"$1,250,000",4,3,"2,309","7,275",37.066162,-122.001118
36,"
                  111 Burlwood Dr,
                  ",Scotts Valley,CA,95066,"$1,295,000",5,4,"2,742",0.26,37.060143,-122.000255
37,"
                  130 Zinfandel Cir,
                  ",Scotts Valley,CA,95066,"$1,259,000",4,3,"2,592","7,623",37.067676,-122.003323
38,"
                  110 Lauren Cir,
                  ",Scotts Valley,CA,95066,"$2,695,000",4,4.5+,"5,851",0.54,37.054884,-121.99533
39,"
                  536 Northridge Dr,
                  ",Scotts Valley,CA,95066,"$1,145,000",4,3,"2,407",0.86,37.09519,-121.994173
40,"
                  362 Collado Dr,
                  ",Scotts Valley,CA,95066,"$1,349,000",4,2.5,"3,080",0.23,37.042444,-122.033027
41,"
                  675 Tabor Dr,
                  ",Scotts Valley,CA,95066,"$1,350,000",4,2.5,"2,753",0.33,37.074647,-121.997676
1,"
                  3251 Victory Ln,
                  ",Soquel,CA,95073,"$875,000",3,2,"1,260","9,104",36.990246,-121.939232
2,"
                  2625 Walnut Ct,
                  ",Soquel,CA,95073,"$1,250,000",3,2.5,"2,086","9,757",36.985496,-121.954446
3,"
                  4500 Soquel Dr,
                  ",Soquel,CA,95073,"$1,445,000",5,3,"2,840",0.46,36.987357,-121.959391
4,"
                  3000 Aguazul Dr,
                  ",Soquel,CA,95073,"$979,000",3,2.5,"1,916","4,966",36.987469,-121.950243
5,"
                  4827 Rivervale Dr,
                  ",Soquel,CA,95073,"$899,999",2,2,"1,488",0.3,37.020222,-121.948517
6,"
                  4392 Lucy Way,
                  ",Soquel,CA,95073,"$1,165,000",4,3,"2,510","6,011",36.999253,-121.959276
7,"
                  3230 Crystal Heights Dr,
                  ",Soquel,CA,95073,"$1,299,000",3,2.5,"2,436",0.29,36.989844,-121.949289
8,"
                  4703 Old San Jose Rd,
                  ",Soquel,CA,95073,"$988,000",3,2,"1,884",2.48,37.046681,-121.939308
9,"
                  1000 N Rodeo Gulch Rd,
                  ",Soquel,CA,95073,"$1,615,950",5,4,"5,013",18.44,36.999906,-121.968531
10,"
                  748 Paradiso Ct,
                  ",Soquel,CA,95073,"$1,288,888",4,3,"2,252","6,447",36.998831,-121.956803
11,"
                  4485 Fairway Dr,
                  ",Soquel,CA,95073,"$1,050,000",4,3.5,"2,282",0.38,37.001956,-121.938022
12,"
                  999 N Rodeo Gulch Rd,
                  ",Soquel,CA,95073,"$3,295,000",5,3,"4,166",9.94,37.001376,-121.968049
13,"
                  4475 Merlin Way,
                  ",Soquel,CA,95073,"$1,365,000",3,2.5,"2,263","6,055",37.000231,-121.956882
14,"
                  1023 Hidden Valley Rd,
                  ",Soquel,CA,95073,"$2,499,000",3,3,"2,830",6.96,37.026515,-121.973104
15,"
                  1450 Hidden Valley Rd,
                  ",Soquel,CA,95073,"$1,395,000",4,2.5,"3,765",2.48,37.034189,-121.972567
16,"
                  500 Muir Dr,
                  ",Soquel,CA,95073,"$1,795,000",3,3,"2,073",2.88,37.020513,-121.966147
17,"
                  4025 Cory St,
                  ",Soquel,CA,95073,"$697,500",3,1.5,946,"5,881",36.984247,-121.96633
18,"
                  177 Muir Dr,
                  ",Soquel,CA,95073,"$1,699,000",5,3,"3,804",3.02,37.016655,-121.966728
19,"
                  250 Goat Moth Hl,
                  ",Soquel,CA,95073,"$795,000",3,2,"1,793",2.48,37.035395,-121.965317
20,"
                  3680 Hardin Way,
                  ",Soquel,CA,95073,"$759,000",3,2,"1,326","5,793",36.993143,-121.942912
21,"
                  2603 Monterey Ave,
                  ",Soquel,CA,95073,"$1,475,000",3,2,"2,040",3.5,36.984758,-121.942854
22,"
                  46 Sears Cir,
                  ",Soquel,CA,95073,"$799,000",3,2.5,"1,510","4,966",36.987431,-121.935281
23,"
                  2556 Gary Dr,
                  ",Soquel,CA,95073,"$949,000",3,2,"1,415","5,924",36.984103,-121.951112
24,"
                  5499 Ball Dr,
                  ",Soquel,CA,95073,"$905,000",3,2.5,"1,544","5,271",36.991962,-121.943744
25,"
                  4851 Cherryvale Ave,
                  ",Soquel,CA,95073,"$2,375,000",4,3,"2,600",1.34,37.011222,-121.952226
26,"
                  3093 Hannan Ln,
                  ",Soquel,CA,95073,"$1,049,900",4,2,"1,912","6,970",36.988719,-121.952404
27,"
                  4604 Shauna Ct,
                  ",Soquel,CA,95073,"$1,275,000",4,2.5,"3,094","6,316",37.000466,-121.956822
28,"
                  30 Indy Cir,
                  ",Soquel,CA,95073,"$2,495,000",4,4.5,"3,784",0.23,,
29,"
                  40 Indy Cir,
                  ",Soquel,CA,95073,"$2,395,000",4,4,"3,356",0.24,36.999187,-121.96052
30,"
                  20 Indy Cir,
                  ",Soquel,CA,95073,"$2,250,000",4,4,"3,434",0.24,36.99863,-121.960691
1,"
                  8324 Glen Arbor Rd,
                  ",Ben Lomond,CA,95005,"$898,000",3,2,"2,175",1.4,37.074306,-122.080004
2,"
                  925 Forest Way,
                  ",Brookdale,CA,95005,"$575,000",3,2,"2,200",0.44,37.104073,-122.108821
3,"
                  121 Rancho Rio Ave,
                  ",Ben Lomond,CA,95005,"$1,199,000",4,2.5,"3,023",0.39,37.088255,-122.077431
4,"
                  205 Taylor Rd,
                  ",Ben Lomond,CA,95005,"$524,900",1,1.5,928,1.01,37.096974,-122.088452
5,"
                  900 Pedro Ave,
                  ",Ben Lomond,CA,95005,"$2,950,000",5,4.5,"3,183",90.59,37.092387,-122.068831
6,"
                  10665 Vineland Rd,
                  ",Ben Lomond,CA,95005,"$825,000",3,3,"2,097",1.64,37.105468,-122.084786
7,"
                  8596 Glen Arbor Rd,
                  ",Ben Lomond,CA,95005,"$860,000",3,2,"2,005",0.24,37.07794,-122.079477
8,"
                  335 Pike Rd,
                  ",Ben Lomond,CA,95005,"$1,127,000",3,2.5,"2,771",2.13,37.099693,-122.103954
9,"
                  320 Sweetwater Ln,
                  ",Ben Lomond,CA,95005,"$1,345,000",3,2.5,"2,741",2.81,37.10233,-122.116804
10,"
                  1106 Dundee Ave,
                  ",Ben Lomond,CA,95005,"$375,000",2,1,704,"2,483",37.081252,-122.092895
11,"
                  235 Larita Dr,
                  ",Ben Lomond,CA,95005,"$535,000",3,2,"1,323",0.34,37.077607,-122.077799
12,"
                  8549 Glen Arbor Rd,
                  ",Ben Lomond,CA,95005,"$699,000",3,2,"1,168","9,757",37.077395,-122.080707
13,"
                  1202 Roberts Rd,
                  ",Ben Lomond,CA,95005,"$899,900",4,3,"2,400",1.94,37.109387,-122.098317
14,"
                  7910 Hihn Rd,
                  ",Ben Lomond,CA,95005,"$1,075,000",4,3,"2,597","9,148",37.067135,-122.07034
15,"
                  300 Melin Ave,
                  ",Ben Lomond,CA,95005,"$865,000",2,2,"1,479",0.89,37.070522,-122.073956
16,"
                  650 Dickinson Ave,
                  ",Ben Lomond,CA,95005,"$840,000",3,2,"1,314",0.37,37.082881,-122.085328
17,"
                  800 Noteware Dr,
                  ",Ben Lomond,CA,95005,"$815,000",3,2,"1,340",0.37,37.081359,-122.074406
18,"
                  301 Kessler Dr,
                  ",Ben Lomond,CA,95005,"$850,000",4,2.5,"2,287","9,975",37.083147,-122.072894
19,"
                  300 Woodland Dr,
                  ",Ben Lomond,CA,95005,"$875,000",3,2,"1,584",0.32,37.151924,-119.646042
1,"
                  25023 Soquel San Jose Rd,
                  ",Los Gatos,CA,95033,"$2,200,000",3,3.5,"3,068",3.31,37.109309,-121.948342
2,"
                  22111 Oak Flat Rd,
                  ",Los Gatos,CA,95033,"$1,728,000",3,3,"3,283",2.78,37.1335,-122.002614
3,"
                  18467 Las Cumbres Rd,
                  ",Los Gatos,CA,95033,"$1,499,000",3,2.5,"2,574",0.86,37.200998,-122.065483
4,"
                  24701 Santa Cruz Hwy,
                  ",Los Gatos,CA,95033,"$1,399,000",4,3,"2,352",5.96,37.113707,-121.977309
5,"
                  19505 Main Blvd,
                  ",Los Gatos,CA,95033,"$570,000",2,1,848,"5,924",37.114311,-121.983194
6,"
                  18303 Black Rd,
                  ",Los Gatos,CA,95033,"$6,498,000",5,6.5+,"9,200",4.19,37.193776,-121.996478
7,"
                  32020 Loma Chiquita Rd,
                  ",Los Gatos,CA,95033,"$245,000",1,1,827,2.27,37.104153,-121.819575
8,"
                  18116 Virginia Dr,
                  ",Los Gatos,CA,95033,"$1,499,000",4,2,"2,425",0.33,37.156799,-121.989676
9,"
                  21451 Lee Dr,
                  ",Los Gatos,CA,95033,"$980,000",5,3,"2,507","4,478",37.158137,-121.989209
10,"
                  19980 Skyline Blvd,
                  ",Los Gatos,CA,95033,"$1,849,000",4,2.5,"3,216",3.27,37.177957,-122.02666
11,"
                  20851 Assiniboine Trl,
                  ",Los Gatos,CA,95033,"$649,000",2,1.5,"1,228","7,357",37.162884,-121.978075
12,"
                  23020 Old Santa Cruz Hwy,
                  ",Los Gatos,CA,95033,"$5,678,000",5,5.5,"7,454",29.37,37.151924,-119.646042
13,"
                  17777 Ogallala Warpath Rd,
                  ",Los Gatos,CA,95033,"$425,000",1,2,750,"7,593",37.160288,-121.981046
14,"
                  30600 Loma Chiquita Rd,
                  ",Los Gatos,CA,95033,"$1,080,000",4,3,"2,766",5.03,37.101594,-121.811312
15,"
                  17155 Melody Ln,
                  ",Los Gatos,CA,95033,"$949,975",3,2,"1,941",0.8,37.14541,-121.973016
16,"
                  24371 Glenwood Dr,
                  ",Los Gatos,CA,95033,"$815,000",3,2,"1,900",2.59,37.126531,-121.984763
17,"
                  20995 Panorama Dr,
                  ",Los Gatos,CA,95033,"$4,480,000",5,4.5,"5,452",2.66,37.161991,-121.968683
18,"
                  21496 Mary Alice Way,
                  ",Los Gatos,CA,95033,"$646,000",1,1,870,0.3,37.15651,-121.985031
19,"
                  13755 Skyline Blvd,
                  ",Los Gatos,CA,95033,"$3,798,000",5,3.5+,"4,261",2.91,37.249597,-122.112509
20,"
                  23570 Mountain Charlie Rd,
                  ",Los Gatos,CA,95033,"$1,900,000",4,5,"3,246",5.61,37.130358,-121.986653
21,"
                  14717 Upper East Zayante Rd,
                  ",Los Gatos,CA,95033,"$1,595,000",4,3.5,"4,050",4.71,37.138176,-122.023616
22,"
                  17952 Oak Dr,
                  ",Los Gatos,CA,95033,"$1,599,000",4,3,"2,705",0.78,37.158332,-121.983798
23,"
                  22525 Summit Rd,
                  ",Los Gatos,CA,95033,"$806,000",2,1,"1,081",0.44,37.143451,-121.97691
24,"
                  1095 Wilderfield Rd,
                  ",Los Gatos,CA,95033,"$1,665,000",3,3,"2,637",5.32,37.155725,-122.022797
25,"
                  28080 Loma Prieta Way,
                  ",Los Gatos,CA,95033,"$1,049,000",1,1.5,"2,409",77.01,37.094634,-121.873349
26,"
                  22039 Old Santa Cruz Hwy,
                  ",Los Gatos,CA,95033,"$1,698,800",4,2.5,"2,749",1.34,37.150762,-121.977074
27,"
                  21661 Woolaroc Dr,
                  ",Los Gatos,CA,95033,"$998,550",3,2,"1,272",0.54,37.150985,-121.991891
28,"
                  21854 Bear Creek Rd,
                  ",Los Gatos,CA,95033,"$1,799,999",5,4,"4,343",2.87,37.170803,-122.056434
29,"
                  485 Cresci Rd,
                  ",Los Gatos,CA,95033,"$1,399,000",4,3,"3,263",4.54,37.121914,-122.000588
30,"
                  20065 Thompson Rd,
                  ",Los Gatos,CA,95033,"$2,148,000",4,2.5,"3,591",1.9,37.189477,-122.021533
31,"
                  17935 Oak Dr,
                  ",Los Gatos,CA,95033,"$799,000",3,2,"1,411",0.24,37.158374,-121.982916
32,"
                  23403 Del Monte Way,
                  ",Los Gatos,CA,95033,"$2,100,000",4,2.5,"2,342",1.42,37.128134,-121.952761
33,"
                  1111 Wilderfield Rd,
                  ",Los Gatos,CA,95033,"$2,690,000",3,2.5+,"3,286",48.0,37.152586,-122.019054
34,"
                  23050 Old Logging Rd,
                  ",Los Gatos,CA,95033,"$2,375,000",5,5,"4,211",25.78,37.132837,-122.011222
35,"
                  21121 Brush Rd,
                  ",Los Gatos,CA,95033,"$2,799,000",5,4,"4,958",3.22,37.164948,-121.994708
36,"
                  17971 Oak Dr,
                  ",Los Gatos,CA,95033,"$1,075,000",3,2,"1,560","9,318",37.158916,-121.984188
37,"
                  23476 Belaire Ct,
                  ",Los Gatos,CA,95033,"$1,399,000",3,3,"2,148",0.68,37.123598,-121.954526
38,"
                  22695 Old Santa Cruz Hwy,
                  ",Los Gatos,CA,95033,"$2,998,000",6,4.5+,"4,720",1.62,37.173786,-121.983482
39,"
                  20155 Thompson Rd,
                  ",Los Gatos,CA,95033,"$2,090,000",4,3.5,"2,757",5.37,37.18975,-122.02503
40,"
                  16337 Redwood Lodge Rd,
                  ",Los Gatos,CA,95033,"$1,059,000",3,2,"1,787",3.61,37.11551,-121.959326
41,"
                  26756 Adams Rd,
                  ",Los Gatos,CA,95033,"$1,899,000",5,4.5,"3,798",1.11,37.102717,-121.907249
42,"
                  17555 Mountain Charlie Rd,
                  ",Los Gatos,CA,95033,"$1,799,000",4,3,"3,504",1.01,37.147728,-121.97698
43,"
                  23880 Wrights Station Rd,
                  ",Los Gatos,CA,95033,"$2,450,000",5,3.5,"3,280",3.59,37.127405,-121.936604
44,"
                  18931 Bear Creek Rd,
                  ",Los Gatos,CA,95033,"$2,395,000",4,2.5,"2,870",3.57,37.186465,-122.001225
1,"
                  71 Clifton Dr,
                  ",Watsonville,CA,95076,"$724,900",3,2,"1,482",1.0,36.957636,-121.731821
2,"
                  1175 San Andreas Rd,
                  ",Watsonville,CA,95076,"$750,000",3,2,"1,521",0.52,36.924225,-121.846072
3,"
                  2050 Eureka Canyon Rd,
                  ",Watsonville,CA,95076,"$449,500",1,1,706,0.47,36.974018,-122.030952
4,"
                  674 Maher Rd,
                  ",Royal Oaks,CA,95076,"$499,900",3,2,"1,854",10.2,36.832014,-121.669482
5,"
                  781 Maher Rd,
                  ",Royal Oaks,CA,95076,"$545,000",3,1.5,"1,134",2.1,36.830822,-121.666139
6,"
                  609 Delta Way,
                  ",Watsonville,CA,95076,"$419,000",2,1,836,"4,182",36.917559,-121.740599
7,"
                  605 Atri Ct,
                  ",Watsonville,CA,95076,"$379,000",2,1,892,"3,006",36.917209,-121.741683
8,"
                  675 Delta Way,
                  ",Watsonville,CA,95076,"$429,000",2,1.5,"1,064","4,095",36.918042,-121.73737
9,"
                  649 Pippin Ln,
                  ",Watsonville,CA,95076,"$408,000",2,1,883,"3,441",36.91859,-121.7377
10,"
                  17285 Tamara Ln,
                  ",Royal Oaks,CA,95076,"$824,900",4,3,"2,706",1.35,36.842439,-121.669157
11,"
                  15 Sycamore St,
                  ",Watsonville,CA,95076,"$529,000",3,1,"1,278","5,401",36.924835,-121.762258
12,"
                  20 Magnifico Vita Ln,
                  ",Watsonville,CA,95076,"$725,000",4,2.5,"2,640",4.1,,
13,"
                  634 Martinelli St,
                  ",Watsonville,CA,95076,"$699,900",3,2.5,"2,218","9,235",36.926544,-121.758498
14,"
                  46 Villa St,
                  ",Watsonville,CA,95076,"$634,999",3,2.5,"1,871","2,875",36.906489,-121.777084
15,"
                  763 Amesti Rd,
                  ",Watsonville,CA,95076,"$985,000",4,3,"2,105",1.0,36.963407,-121.792766
16,"
                  27 Via Serra St,
                  ",Watsonville,CA,95076,"$685,000",4,3,"2,449","4,008",36.908606,-121.776278
17,"
                  619 Calle Cuesta,
                  ",Watsonville,CA,95076,"$599,000",3,2,"1,323","6,011",36.962413,-121.760181
18,"
                  1558 San Sierra Ct,
                  ",Watsonville,CA,95076,"$685,000",3,2.5,"2,654","3,354",36.906815,-121.771593
19,"
                  40 Miller Rd,
                  ",Royal Oaks,CA,95076,"$625,000",3,2,"1,719",1.06,36.869027,-121.730305
20,"
                  371 Browns Valley Rd,
                  ",Watsonville,CA,95076,"$6,300,000",2,2,"1,200",54.84,,
21,"
                  250 Patricia Ln,
                  ",Watsonville,CA,95076,"$999,500",3,2,"2,680",13.96,37.020218,-121.815343
22,"
                  2965 Freedom Blvd,
                  ",Watsonville,CA,95076,"$800,000",3,2,"2,000",0.24,36.965932,-121.812277
23,"
                  377 Summit Rd,
                  ",Corralitos,CA,95076,"$699,000",1,1,923,1.0,37.022358,-121.738442
24,"
                  388 Larkin Valley Rd,
                  ",Watsonville,CA,95076,"$1,150,000",3,2,"1,344",7.78,36.94232,-121.811134
25,"
                  743 Nevada St,
                  ",Watsonville,CA,95076,"$725,000",4,3,"2,232","6,578",36.924468,-121.748091
26,"
                  696 Dove Ln,
                  ",Corralitos,CA,95076,"$700,000",2,1,"1,300",8.58,37.054515,-121.823676
27,"
                  250 Bella Vista Ln,
                  ",Watsonville,CA,95076,"$1,985,000",4,3.5,"6,095",6.0,36.988319,-121.709078
28,"
                  614 Green Valley Rd,
                  ",Watsonville,CA,95076,"$825,000",4,3,"2,030","7,449",36.956487,-121.764679
29,"
                  717 Cipres St,
                  ",Watsonville,CA,95076,"$699,900",4,3,"2,314","3,223",36.9293,-121.741779
30,"
                  209 Dias Ln,
                  ",Watsonville,CA,95076,"$559,000",3,1,"1,024","8,320",36.974018,-122.030952
31,"
                  560 Windsong Way,
                  ",Watsonville,CA,95076,"$1,295,000",4,2.5,"2,792",6.89,36.942117,-121.825096
32,"
                  130 Strawberry Canyon Rd,
                  ",Royal Oaks,CA,95076,"$699,000",3,2,"1,590",3.11,36.825052,-121.725282
33,"
                  1695 Covenant Ln,
                  ",Royal Oaks,CA,95076,"$795,000",4,3,"2,151",5.0,36.885299,-121.702247
34,"
                  1241 Hazel Dell Rd,
                  ",Watsonville,CA,95076,"$1,300,000",2,3,"2,196",10.39,37.027754,-121.777847
35,"
                  596 Hall Rd,
                  ",Royal Oaks,CA,95076,"$799,000",3,2,"1,705",6.68,36.863505,-121.709584
36,"
                  214 Mesa Verde Dr,
                  ",Watsonville,CA,95076,"$679,000",4,2,"1,604","9,017",36.969057,-121.762989
37,"
                  860 Larkin Valley Rd,
                  ",Watsonville,CA,95076,"$1,695,000",3,2.5,"1,612",11.0,36.952862,-121.837693
38,"
                  59 Avocet Cir,
                  ",Watsonville,CA,95076,"$3,495,000",5,4.5,"4,736","9,104",36.863986,-121.817985
39,"
                  60 Robak Dr,
                  ",La Selva Beach,CA,95076,"$1,099,900",4,3.5,"2,776",0.44,36.946965,-121.853627
40,"
                  120 Hazel Dell Hts,
                  ",Watsonville,CA,95076,"$5,950,000",3,4.5,"5,052",60.0,37.015687,-121.758546
41,"
                  105 Carlos Ave,
                  ",La Selva Beach,CA,95076,"$995,000",3,2,"1,215","5,924",36.936449,-121.861525
42,"
                  600 Heather Point Ln,
                  ",Watsonville,CA,95076,"$4,250,000",4,5,"3,229","7,710",36.923038,-121.855409
43,"
                  294 Browns Valley Rd,
                  ",Watsonville,CA,95076,"$2,500,000",3,3,"1,814",12.96,36.997289,-121.796102
44,"
                  5 Breve Ave,
                  ",La Selva Beach,CA,95076,"$3,395,000",3,2,"2,361","5,532",36.936105,-121.864462
1,"
                  100 Reservoir Rd,
                  ",Los Gatos,CA,95030,"$4,898,000",4,4.5+,"4,800",0.43,37.217716,-121.980944
2,"
                  224 Bella Vista Ave,
                  ",Los Gatos,CA,95030,"$4,200,000",4,4,"3,104","9,535",37.224722,-121.971022
3,"
                  15581 Glen Una Dr,
                  ",Los Gatos,CA,95030,"$3,795,000",4,3.5,"3,807",0.89,37.241724,-122.020691
4,"
                  17682 Blanchard Dr,
                  ",Monte Sereno,CA,95030,"$4,590,000",4,3.5,"4,305",0.61,37.243197,-121.980654
5,"
                  108 Los Gatos Blvd,
                  ",Los Gatos,CA,95030,"$2,799,000",3,2.5,"2,213","6,216",37.2222,-121.971841
6,"
                  16450 Aztec Ridge Ave,
                  ",Los Gatos,CA,95030,"$15,950,000",8,11,"12,109",51.34,37.205487,-121.96437
7,"
                  387 Johnson Ave,
                  ",Los Gatos,CA,95030,"$2,850,000",3,3.5,"2,500","7,031",37.21718,-121.967574
8,"
                  131 Millrich Dr,
                  ",Los Gatos,CA,95030,"$2,599,000",4,3.5,"2,758","8,381",37.246834,-121.974867
9,"
                  17607 Bruce Ave,
                  ",Los Gatos,CA,95030,"$2,350,000",4,3,"2,108",0.57,37.238046,-121.978539
10,"
                  19 Loma Alta Ave,
                  ",Los Gatos,CA,95030,"$2,195,000",3,2,"1,572","5,502",37.221771,-121.971609
11,"
                  18510 Beck Ave,
                  ",Monte Sereno,CA,95030,"$7,350,000",5,4,"6,893",1.06,37.229853,-121.996174
12,"
                  221 Jackson St,
                  ",Los Gatos,CA,95030,"$7,998,000",6,6.5+,"10,741",1.66,37.214652,-121.976298
13,"
                  16371 Matilija Dr,
                  ",Los Gatos,CA,95030,"$9,975,000",5,5.5+,"7,307",1.9,37.230821,-122.008318
14,"
                  16484 S Kennedy Rd,
                  ",Los Gatos,CA,95030,"$5,500,000",3,2.5+,"1,969",2.13,37.221396,-121.958654
15,"
                  16033 Matilija Dr,
                  ",Los Gatos,CA,95030,"$5,400,000",5,5,"5,007",1.19,37.235997,-122.00408
16,"
                  766 Bicknell Rd,
                  ",Los Gatos,CA,95030,"$2,875,000",4,3,"2,571",0.46,37.250403,-121.985436
17,"
                  119 Verona Ct,
                  ",Los Gatos,CA,95030,"$3,088,000",4,2.5,"3,139",0.25,37.251804,-121.989423
18,"
                  14990 Winchester Blvd,
                  ",Los Gatos,CA,95030,"$3,498,000",4,3.5+,"4,001",0.82,37.250457,-121.968747
19,"
                  139 Spring St,
                  ",Los Gatos,CA,95030,"$1,798,000",3,2.5,"1,462",0.25,37.215437,-121.967337
20,"
                  129 Smith Creek Dr,
                  ",Los Gatos,CA,95030,"$2,299,950",4,2.5+,"2,492",0.54,37.249798,-121.980641
21,"
                  244 Loma Alta Ave,
                  ",Los Gatos,CA,95030,"$3,480,000",4,3,"2,969",0.25,37.217491,-121.967392
22,"
                  19051 Overlook Rd,
                  ",Los Gatos,CA,95030,"$3,495,000",4,4,"4,100",2.0,37.226836,-122.005155
23,"
                  14833 Karl Ave,
                  ",Monte Sereno,CA,95030,"$5,499,000",5,5.5,"6,700",1.22,37.252727,-121.978116
24,"
                  109 Sund Ave,
                  ",Los Gatos,CA,95030,"$7,495,000",6,5.5,"6,492",1.11,37.215624,-121.968274
25,"
                  17800 Tourney Rd,
                  ",Los Gatos,CA,95030,"$1,500,000",4,2,"2,302",0.76,37.211031,-121.967586
26,"
                  17915 Foster Rd,
                  ",Los Gatos,CA,95030,"$4,950,000",6,5.5,"6,946",3.59,37.209113,-121.972744
27,"
                  15563 Kirkorian Way,
                  ",Monte Sereno,CA,95030,"$4,485,000",4,3.5,"4,012",1.0,37.242433,-121.985475
28,"
                  16379 Aztec Ridge Dr,
                  ",Los Gatos,CA,95030,"$2,999,000",5,4.5,"4,568",1.29,37.208388,-121.961447
29,"
                  17627 Foster Rd,
                  ",Los Gatos,CA,95030,"$2,599,950",5,3.5,"4,191",1.91,37.211938,-121.972143
30,"
                  11 Tait Ave,
                  ",Los Gatos,CA,95030,"$3,198,000",4,3.5,"2,770","5,005",37.223996,-121.985892
31,"
                  17330 Parkside Ct,
                  ",Monte Sereno,CA,95030,"$3,350,000",5,3,"3,802","9,117",37.245648,-121.975144
32,"
                  184 College Ave,
                  ",Los Gatos,CA,95030,"$2,998,000",4,3,"3,481",0.29,37.216125,-121.984061
33,"
                  14973 Natalye Rd,
                  ",Monte Sereno,CA,95030,"$2,898,000",3,2,"2,200",0.33,37.250967,-121.973302
34,"
                  18110 Constitution Ave,
                  ",Monte Sereno,CA,95030,"$4,999,000",5,6,"5,356",1.14,37.238953,-121.987473
35,"
                  15096 Danielle Pl,
                  ",Monte Sereno,CA,95030,"$4,450,000",6,5.5,"4,556",1.02,37.24916,-121.986289
36,"
                  4 Glen Ridge Ave,
                  ",Los Gatos,CA,95030,"$2,398,000",3,2,"1,750","7,793",37.224915,-121.987523
37,"
                  18782 Withey Rd,
                  ",Monte Sereno,CA,95030,"$3,785,000",4,3.5,"3,732",1.08,37.230701,-122.000535
38,"
                  16421 Matilija Dr,
                  ",Los Gatos,CA,95030,"$5,300,000",4,4.5+,"4,450",7.03,37.229388,-122.010126
39,"
                  15738 Oak Knoll Dr,
                  ",Los Gatos,CA,95030,"$3,565,000",5,4.5,"4,011",0.63,37.239282,-121.983843
40,"
                  16375 Aztec Ridge Dr,
                  ",Los Gatos,CA,95030,"$3,750,000",5,4.5,"4,942",0.96,37.208593,-121.960827
41,"
                  15288 Alma Jo Ct,
                  ",Monte Sereno,CA,95030,"$3,799,000",5,3,"4,428",0.82,37.246965,-121.989333
42,"
                  17941 Saratoga Los Gatos Rd,
                  ",Monte Sereno,CA,95030,"$2,750,000",4,4,"2,350",0.65,37.231877,-121.984287
43,"
                  16295 W Ellenwood Ave,
                  ",Monte Sereno,CA,95030,"$2,995,000",4,3,"2,749",0.23,37.229774,-121.989444
44,"
                  361 Pennsylvania Ave,
                  ",Los Gatos,CA,95030,"$3,750,000",4,3,"2,822",0.25,37.225978,-121.991065
1,"
                  1595 River Rd,
                  ",Brookdale,CA,95007,"$1,239,000",4,4,"2,892",2.65,37.103606,-122.100959
2,"
                  11258 Center St,
                  ",Brookdale,CA,95007,"$629,000",3,1,"1,140",0.23,,
3,"
                  11610 Alta via Dr,
                  ",Brookdale,CA,95007,"$659,000",4,1.5,"1,436",0.61,37.107283,-122.112611
4,"
                  11654 Alta via Dr,
                  ",Brookdale,CA,95007,"$679,000",3,2,"1,232",0.33,37.107294,-122.113099
5,"
                  11060 Riverside Rd,
                  ",Brookdale,CA,95007,"$849,000",4,2,"2,382","8,364",37.105146,-122.102738
6,"
                  11025 Redwood St,
                  ",Brookdale,CA,95007,"$579,000",3,1,"1,440","4,748",37.104726,-122.102604
1,"
                  13550 Bear Creek Rd Unit 22,
                  ",Boulder Creek,CA,95006,"$229,000",2,1,835,0.48,37.12769,-122.120222
2,"
                  165 Saint Francis Dr,
                  ",Boulder Creek,CA,95006,"$719,000",2,1.5,"1,380","8,625",37.126915,-122.131765
3,"
                  100 Starview Pl,
                  ",Boulder Creek,CA,95006,"$665,000",3,2.5,"1,850",1.17,37.157236,-122.136452
4,"
                  15330 Fern Ave,
                  ",Boulder Creek,CA,95006,"$775,000",2,2,"1,786",0.39,37.150065,-122.125746
5,"
                  370 Circle Way,
                  ",Boulder Creek,CA,95006,"$775,000",3,2,"2,048",2.0,37.140497,-122.127915
6,"
                  383 Hillside Dr,
                  ",Boulder Creek,CA,95006,"$129,000",1,1,950,0.43,37.183185,-122.14341
7,"
                  120 Madrone Ave,
                  ",Boulder Creek,CA,95006,"$487,900",3,1.5,"1,700",0.3,37.122065,-122.116483
8,"
                  150 Lovers Ln,
                  ",Boulder Creek,CA,95006,"$749,000",3,2,"1,956",1.79,37.133262,-122.107964
9,"
                  240 Fern Rock Way,
                  ",Boulder Creek,CA,95006,"$699,000",3,2,"1,430",0.27,37.144533,-122.15885
10,"
                  140 Boulder Brook Dr,
                  ",Boulder Creek,CA,95006,"$840,000",3,2,"1,461",0.38,37.130225,-122.135408
11,"
                  14755 Two Bar Rd,
                  ",Boulder Creek,CA,95006,"$764,000",5,2,"2,009",0.65,37.14495,-122.130965
12,"
                  340 Boulder Brook Dr,
                  ",Boulder Creek,CA,95006,"$769,000",3,2,"1,240",0.25,37.129653,-122.138642
13,"
                  660 Hartman Creek Rd,
                  ",Boulder Creek,CA,95006,"$299,000",1,1,717,5.09,37.18989,-122.071789
14,"
                  160 Buena Vista Ave,
                  ",Boulder Creek,CA,95006,"$719,000",3,2,"1,869",0.27,37.15135,-122.1263
15,"
                  482 Alder Rd,
                  ",Boulder Creek,CA,95006,"$1,015,000",4,2,"2,473",0.9,37.155585,-122.13679
16,"
                  434 River Dr,
                  ",Boulder Creek,CA,95006,"$729,000",2,3,"1,365",0.59,37.155524,-122.135084
17,"
                  243 Riverview Dr,
                  ",Boulder Creek,CA,95006,"$606,000",2,2,"1,344",1.26,37.157431,-122.131726
18,"
                  477 Riverdale Blvd,
                  ",Boulder Creek,CA,95006,"$799,000",4,2,"2,589",0.51,37.136106,-122.128606
19,"
                  615 Whalebone Gulch Rd,
                  ",Boulder Creek,CA,95006,"$950,000",3,2.5,"2,709",0.96,,
20,"
                  445 Sylvan Ave,
                  ",Boulder Creek,CA,95006,"$699,000",3,2,"1,606","7,797",37.194924,-122.141251
21,"
                  343 W Hilton Dr,
                  ",Boulder Creek,CA,95006,"$799,000",3,3,"2,582",0.41,37.15543,-122.168708
22,"
                  291 Buena Vista Ave,
                  ",Boulder Creek,CA,95006,"$624,000",3,2,"1,402",0.53,37.152609,-122.127663
23,"
                  15424 Big Basin Way,
                  ",Boulder Creek,CA,95006,"$599,998",3,1.5,"1,852",0.39,37.151924,-119.646042
24,"
                  18305 Bear Creek Rd,
                  ",Boulder Creek,CA,95006,"$535,000",1,1,640,14.4,37.196325,-122.087356
25,"
                  968 Creek Dr,
                  ",Boulder Creek,CA,95006,"$489,000",2,1,790,0.23,37.171535,-122.145447
26,"
                  12450 Lorenzo Ave,
                  ",Boulder Creek,CA,95006,"$699,000",2,2,"1,091",0.67,37.115254,-122.11827
27,"
                  311 Circle Way,
                  ",Boulder Creek,CA,95006,"$599,000",2,1,826,1.03,37.139487,-122.12719
28,"
                  18377 Bear Creek Rd,
                  ",Boulder Creek,CA,95006,"$998,000",3,3,"2,650",5.07,37.172821,-122.076136
29,"
                  6 Fernwood Dr,
                  ",Boulder Creek,CA,95006,"$715,000",3,2,"1,196","9,278",37.143434,-122.089536
30,"
                  544 Debbie Ct,
                  ",Boulder Creek,CA,95006,"$699,000",2,1.5,"1,216","9,714",37.119382,-122.113602
31,"
                  285 Brook Dr,
                  ",Boulder Creek,CA,95006,"$675,000",3,2,"1,752",0.24,37.141902,-122.128481
32,"
                  13070 Redwood Ave,
                  ",Boulder Creek,CA,95006,"$799,000",5,5,"1,906",1.47,37.123289,-122.126148
33,"
                  12740 Boulder St,
                  ",Boulder Creek,CA,95006,"$729,000",3,2,"1,273","6,926",37.11916,-122.121638
34,"
                  15685 Highway 9,
                  ",Boulder Creek,CA,95006,"$499,000",2,1,"1,272","7,754",37.155159,-122.133723
35,"
                  220 Meadow Dr,
                  ",Boulder Creek,CA,95006,"$699,000",3,2,"1,182",0.37,37.151924,-119.646042
36,"
                  114 Rollingwood Dr,
                  ",Boulder Creek,CA,95006,"$709,000",3,2,"1,300","9,801",37.138372,-122.092679
37,"
                  155 Keller Dr,
                  ",Boulder Creek,CA,95006,"$779,000",4,3,"1,679",0.26,37.131497,-122.108996
38,"
                  170 Rollingwood Dr,
                  ",Boulder Creek,CA,95006,"$699,000",3,3,"1,451",0.28,37.138202,-122.092871
39,"
                  364 Teilh Dr,
                  ",Boulder Creek,CA,95006,"$649,900",3,2,"1,320",0.41,37.174098,-122.140595
40,"
                  599 Blue Ridge Dr,
                  ",Boulder Creek,CA,95006,"$495,000",2,1,941,0.24,37.154773,-122.12664
41,"
                  17280 Big Basin Way,
                  ",Boulder Creek,CA,95006,"$468,000",2,1,702,"5,619",37.159252,-122.162078
42,"
                  418 Hillside Dr,
                  ",Boulder Creek,CA,95006,"$425,000",1,1,728,0.31,37.184094,-122.142887
43,"
                  17756 Big Basin Way,
                  ",Boulder Creek,CA,95006,"$1,195,000",2,1,"1,117",9.11,37.167007,-122.160116
44,"
                  135 Boulder Brook Dr,
                  ",Boulder Creek,CA,95006,"$839,000",4,2.5,"1,407",0.31,37.13,-122.134974
1,"
                  528 Vista Del Mar Dr,
                  ",Aptos,CA,95003,"$899,000",3,2,"2,314","6,142",36.968995,-121.881359
2,"
                  203 Ranchitos Del Sol,
                  ",Aptos,CA,95003,"$1,195,000",3,2.5,"1,904",0.46,37.000179,-121.854874
3,"
                  1994 Seascape Blvd,
                  ",Aptos,CA,95003,"$735,000",2,2.5,"1,427","2,134",36.950862,-121.868241
4,"
                  704 Encino Dr,
                  ",Aptos,CA,95003,"$735,000",3,2,"1,200","5,401",36.969423,-121.877723
5,"
                  9480 Monroe Ave,
                  ",Aptos,CA,95003,"$715,000",3,2,"1,775","8,320",36.974548,-121.880494
6,"
                  103 Mar Vista Dr,
                  ",Aptos,CA,95003,"$995,000",3,2.5,"1,988","4,356",36.97489,-121.917698
7,"
                  613 Encino Dr,
                  ",Aptos,CA,95003,"$577,500",1,1.5,715,"8,407",36.970239,-121.878991
8,"
                  196 Mar Sereno Ct,
                  ",Aptos,CA,95003,"$2,395,000",4,3.5,"4,448",0.61,36.988144,-121.919776
9,"
                  491 Potter Rd,
                  ",Aptos,CA,95003,"$2,495,000",5,3,"5,001",1.93,36.99668,-121.848209
10,"
                  745 Loma Prieta Dr,
                  ",Aptos,CA,95003,"$789,950",4,2,"1,848",0.31,36.968335,-121.876295
11,"
                  737 Seacliff Dr,
                  ",Aptos,CA,95003,"$4,398,000",4,4,"2,820",0.25,36.976987,-121.924561
12,"
                  3680 Redwood Dr,
                  ",Aptos,CA,95003,"$549,000",2,1,784,"6,795",37.016043,-121.900105
13,"
                  2220 Pleasant Valley Rd,
                  ",Aptos,CA,95003,"$1,150,000",2,2.5,"1,812",2.12,37.002721,-121.836156
14,"
                  323 Kingsbury Dr,
                  ",Aptos,CA,95003,"$2,300,000",3,3.5,"3,182","6,665",36.967063,-121.900223
15,"
                  1550-1552 Day Valley Rd,
                  ",Aptos,CA,95003,"$1,349,000",4,3,"2,448",0.54,,
16,"
                  210 Appleton Dr,
                  ",Aptos,CA,95003,"$1,129,000",2,1,"1,135","5,576",36.967398,-121.895768
17,"
                  300 Los Altos Dr,
                  ",Aptos,CA,95003,"$939,000",3,2.5,"2,367","7,623",36.963728,-121.887937
18,"
                  7117 Somerset Ct,
                  ",Aptos,CA,95003,"$945,000",4,2.5,"1,852","4,269",36.984421,-121.915663
19,"
                  2002 Seascape Blvd,
                  ",Aptos,CA,95003,"$699,000",2,1.5,"1,215","3,180",36.950844,-121.868123
20,"
                  407 Beach Dr,
                  ",Aptos,CA,95003,"$2,380,000",3,2.5,"1,691","6,839",36.964526,-121.897469
21,"
                  3350 Forest Park Ln,
                  ",Aptos,CA,95003,"$649,950",2,1,864,"8,886",37.013441,-121.899399
22,"
                  100 Pebble Beach Dr,
                  ",Aptos,CA,95003,"$1,369,000",3,2,"1,545","9,496",36.956066,-121.876128
23,"
                  3100 Haas Dr,
                  ",Aptos,CA,95003,"$2,990,000",5,4,"4,225",1.47,36.98963,-121.920432
24,"
                  7300 Viewpoint Rd,
                  ",Aptos,CA,95003,"$1,799,000",3,2.5,"2,621",0.35,36.987463,-121.91308
25,"
                  24 Potbelly Beach Rd,
                  ",Aptos,CA,95003,"$5,150,000",4,3.5,"1,871",0.28,36.97787,-121.930934
26,"
                  813 Loma Prieta Dr,
                  ",Aptos,CA,95003,"$675,000",2,1,834,"8,320",36.968537,-121.8733
27,"
                  9019 Rhodes Ave,
                  ",Aptos,CA,95003,"$699,000",2,1,"1,200","4,312",36.978487,-121.885106
28,"
                  375 Beach Dr,
                  ",Aptos,CA,95003,"$2,350,000",3,2,"1,254","5,314",36.96543,-121.898915
29,"
                  606 Bonita Dr,
                  ",Aptos,CA,95003,"$685,000",3,2.5,"1,425","8,146",36.971296,-121.878278
30,"
                  208 Burnham Ct,
                  ",Aptos,CA,95003,"$1,795,000",4,3,"2,194","5,140",37.151924,-119.646042
31,"
                  149 Seacliff Dr,
                  ",Aptos,CA,95003,"$1,195,000",3,2,"1,780","3,964",36.971718,-121.906952
32,"
                  133 Via Trinita,
                  ",Aptos,CA,95003,"$1,450,000",4,2.5,"2,300","6,534",36.947437,-121.871191
33,"
                  527 Pine St,
                  ",Aptos,CA,95003,"$799,000",3,2,"1,040","3,833",36.97847,-121.91866
34,"
                  212 Aptos Beach Dr,
                  ",Aptos,CA,95003,"$630,000",2,2,"1,142","1,655",36.97101,-121.903601
35,"
                  334 Kingsbury Dr,
                  ",Aptos,CA,95003,"$1,600,000",3,2,"1,325","6,752",36.966119,-121.899523
36,"
                  157 Via Novella,
                  ",Aptos,CA,95003,"$1,449,000",4,2.5,"2,776","6,055",36.946699,-121.869764
37,"
                  176 Wingfoot Dr,
                  ",Aptos,CA,95003,"$1,450,000",4,4,"2,792",0.3,36.963752,-121.882376
38,"
                  158 Via Medici,
                  ",Aptos,CA,95003,"$1,128,000",4,2,"1,835","6,665",36.94881,-121.871793
39,"
                  121 Seacliff Dr,
                  ",Aptos,CA,95003,"$749,900",3,1,"1,080","3,964",36.973747,-121.906468
40,"
                  1552 Seascape Blvd,
                  ",Aptos,CA,95003,"$998,000",3,3,"2,366","2,526",36.952274,-121.874421
41,"
                  1910 Day Valley Rd,
                  ",Aptos,CA,95003,"$1,299,000",5,3,"2,708",1.16,36.989625,-121.840143
42,"
                  716 Seacliff Dr,
                  ",Aptos,CA,95003,"$1,149,000",3,2,"1,502","3,659",36.976959,-121.922741
43,"
                  338 Kingsbury Dr,
                  ",Aptos,CA,95003,"$1,350,000",2,1,812,"6,839",36.965669,-121.898696
44,"
                  518 Encino Dr,
                  ",Aptos,CA,95003,"$679,000",2,1,800,"8,668",37.151924,-119.646042
1,"
                  8 Manzanita Ave,
                  ",Mount Hermon,CA,95041,"$675,000",3,3,"1,300","5,401",37.049407,-122.058385
2,"
                  11 Pine Ave,
                  ",Mount Hermon,CA,95041,"$1,577,999",3,2,"1,940","6,273",37.051487,-122.053965
1,"
                  2088 Green Oaks Way,
                  ",Pescadero,CA,94060,"$17,500,000",7,8.5+,"17,000",50.0,37.12865,-122.2965
2,"
                  9351 Cabrillo Hwy,
                  ",Pescadero,CA,94060,"$18,999,999",13,7.5,"12,000",,37.204739,-122.402111
3,"
                  531 Madrone Ave,
                  ",Pescadero,CA,94060,"$688,000",3,2,"1,050",0.63,37.236,-122.323171
4,"
                  100 S Ranch Rd,
                  ",Pescadero,CA,94060,"$1,750,000",2,2,"1,800",19.05,37.236089,-122.334385
5,"
                  501 Bean Hollow Rd,
                  ",Pescadero,CA,94060,"$3,350,000",3,2.5,"2,800",10.26,37.227627,-122.406021
6,"
                  4931 Pescadero Creek Rd,
                  ",Pescadero,CA,94060,"$2,995,000",3,2.5,"2,900",77.15,37.259367,-122.338987
7,"
                  301 Ranch Rd,
                  ",Pescadero,CA,94060,"$6,395,000",4,4.5+,"5,100",186.0,,
8,"
                  301 Ranch Rd W,
                  ",Pescadero,CA,94060,"$6,395,000",4,4.5+,"5,100",186.0,37.240266,-122.352568
1,"
                  5595 Diablo Hills Rd,
                  ",Tres Pinos,CA,95075,"$1,205,000",4,3.5,"3,000",3.0,36.803904,-121.331925
1,"
                  661 Seely Ave,
                  ",Aromas,CA,95004,"$399,995",1,1,512,0.46,36.88382,-121.630346
2,"
                  100 Karen Ct,
                  ",Aromas,CA,95004,"$849,000",3,2.5,"2,373",1.0,36.880316,-121.640002
3,"
                  2855 Rancho Rea Rd,
                  ",Aromas,CA,95004,"$625,000",3,2,"1,440",2.56,36.875785,-121.645153
4,"
                  1945-1979 N Highway 101,
                  ",Aromas,CA,95004,"$2,600,000",3,2,"1,138",50.95,36.841419,-121.637817
5,"
                  19220 Pioneer Pl,
                  ",Aromas,CA,95004,"$1,180,000",3,3.5,"2,664",2.5,36.866925,-121.643299
6,"
                  2765 Summerland Rd,
                  ",Aromas,CA,95004,"$1,495,000",3,3.5,"3,964",4.18,36.869209,-121.6554
7,"
                  148 Dunbarton Rd Unit B,
                  ",Aromas,CA,95004,"$2,495,000",5,3.5,"4,336",14.04,36.846246,-121.641155
1,"
                  1441 Peregrine Dr,
                  ",Gilroy,CA,95020,"$799,000",3,2,"1,469","6,281",37.032499,-121.609591
2,"
                  7835 Dickens Way,
                  ",Gilroy,CA,95020,"$659,000",3,2.5,"1,568","1,830",37.01101,-121.585473
3,"
                  2821 Caledonia Way,
                  ",Gilroy,CA,95020,"$1,115,000",5,4,"3,581","5,998",37.006007,-121.619198
4,"
                  9390 Church St,
                  ",Gilroy,CA,95020,"$734,999",4,2.5,"1,789","3,419",37.032689,-121.584952
5,"
                  204 E 6th St,
                  ",Gilroy,CA,95020,"$585,000",2,1,"1,525","6,534",37.020721,-121.572342
6,"
                  1774 Rancho Hills Ct,
                  ",Gilroy,CA,95020,"$1,187,000",4,3,"3,062",0.34,37.019734,-121.609303
7,"
                  9691 Ohlone Way,
                  ",Gilroy,CA,95020,"$918,000",5,3,"3,093","6,351",37.03283,-121.601899
8,"
                  1505 Welburn Ave,
                  ",Gilroy,CA,95020,"$1,499,000",2,2.5,"4,512",1.37,37.01875,-121.603148
9,"
                  721 Eschenburg Dr,
                  ",Gilroy,CA,95020,"$719,950",3,2,"1,696","8,634",37.005183,-121.578239
10,"
                  1935 Saint Andrews Cir Unit Cl,
                  ",Gilroy,CA,95020,"$1,215,000",5,3.5,"3,843","8,433",37.003806,-121.602189
11,"
                  12225 Heritage Way,
                  ",Gilroy,CA,95020,"$2,495,000",4,4.5,"4,533",3.75,37.049717,-121.662456
12,"
                  7625 El Roble Ct,
                  ",Gilroy,CA,95020,"$699,900",3,2,"1,839","8,124",37.006712,-121.587937
13,"
                  5502 Mesa Rd,
                  ",Gilroy,CA,95020,"$749,900",3,2,"1,820","6,364",36.979027,-121.570417
14,"
                  8650 Leavesley Rd,
                  ",Gilroy,CA,95020,"$1,995,000",4,3,"3,900",60.89,37.052478,-121.507948
15,"
                  937 Martiri Ct,
                  ",Gilroy,CA,95020,"$820,000",4,2.5,"2,274","6,098",37.027016,-121.597337
16,"
                  9055 Brittany Ct,
                  ",Gilroy,CA,95020,"$825,000",4,3,"1,891","7,836",37.024529,-121.587957
17,"
                  2665 Dryden Ave,
                  ",Gilroy,CA,95020,"$899,950",3,2,"1,461",1.07,37.039722,-121.533489
18,"
                  1432 Mantelli Dr,
                  ",Gilroy,CA,95020,"$685,000",3,2,"1,150","6,939",37.020335,-121.602034
19,"
                  6811 Church St,
                  ",Gilroy,CA,95020,"$699,995",3,1.5,"1,950","6,547",36.997016,-121.56773
20,"
                  990 Hoxett St,
                  ",Gilroy,CA,95020,"$778,500",4,2.5,"2,097","7,497",37.000408,-121.586069
21,"
                  9632 Eagle Hills Way,
                  ",Gilroy,CA,95020,"$939,899",6,2.5,"2,464","6,037",37.031562,-121.606964
22,"
                  1837 Tamarind Way,
                  ",Gilroy,CA,95020,"$874,900",3,2.5,"2,656","5,005",37.008866,-121.608913
23,"
                  2400 Olea Ct,
                  ",Gilroy,CA,95020,"$1,588,000",5,4.5,"4,502",0.93,37.027011,-121.622313
24,"
                  5871 Masoni Pl,
                  ",Gilroy,CA,95020,"$875,000",4,2.5,"2,869","7,797",36.982855,-121.575033
25,"
                  7556 Turnberry Way,
                  ",Gilroy,CA,95020,"$876,600",4,3.5,"2,333","3,672",37.003437,-121.613875
26,"
                  11920 New Ave,
                  ",Gilroy,CA,95020,"$1,174,888",3,2,"1,835",1.02,37.079777,-121.562019
27,"
                  11450 New Ave,
                  ",Gilroy,CA,95020,"$1,399,900",4,2.5,"2,566",2.48,37.073571,-121.558827
28,"
                  9515 Sugar Babe Dr,
                  ",Gilroy,CA,95020,"$1,499,000",4,3.5,"3,796",4.5,37.05396,-121.535729
29,"
                  7725 Wren Ave,
                  ",Gilroy,CA,95020,"$737,000",4,2,"1,839","8,777",37.008606,-121.587374
30,"
                  761 Eschenburg Dr,
                  ",Gilroy,CA,95020,"$749,000",3,3,"1,826","7,244",37.00478,-121.579624
31,"
                  7546 Pickeman Ct,
                  ",Gilroy,CA,95020,"$1,200,000",5,3.5,"3,574","9,043",37.004554,-121.622004
32,"
                  8192 Honeycomb Ln,
                  ",Gilroy,CA,95020,"$1,150,000",4,2.5,"2,300",1.08,37.015431,-121.649856
33,"
                  1980 Lavender Way,
                  ",Gilroy,CA,95020,"$1,449,000",3,3.5,"3,120",0.33,37.023328,-121.613942
34,"
                  9049 Soledad St,
                  ",Gilroy,CA,95020,"$910,000",4,3,"2,383","6,595",37.02372,-121.601315
35,"
                  7521 Carmel St,
                  ",Gilroy,CA,95020,"$699,000",3,1.5,"1,514","5,985",37.006681,-121.577221
36,"
                  9 Lusitano Way,
                  ",Gilroy,CA,95020,"$721,000",4,2.5,"2,071","5,218",36.991016,-121.56272
37,"
                  8581 Delta Dr,
                  ",Gilroy,CA,95020,"$729,999",3,2,"1,102","7,000",37.018833,-121.600036
38,"
                  6680 Eagle Ridge Ct,
                  ",Gilroy,CA,95020,"$1,125,000",4,3,"2,808","8,777",36.991282,-121.594945
39,"
                  7650 El Roble Ct,
                  ",Gilroy,CA,95020,"$719,950",3,2,"1,839","7,475",37.007239,-121.587337
40,"
                  1138 Viognier Way,
                  ",Gilroy,CA,95020,"$1,099,900",4,3,"3,616","5,502",36.988108,-121.582506
41,"
                  730 Baxter Way,
                  ",Gilroy,CA,95020,"$869,900",4,3,"2,622","4,016",,
42,"
                  713 Saint Clar Ave,
                  ",Gilroy,CA,95020,"$839,000",4,2.5,"2,079","5,854",37.025679,-121.591819
43,"
                  759 Carla Way,
                  ",Gilroy,CA,95020,"$668,800",3,2,"1,364","5,998",37.021441,-121.587241
44,"
                  Residence 1,
                  ",Gilroy,CA,95020,"$884,900",4,3,"2,647",,36.988898,-121.58417
1,"
                  20104 Panoche Rd,
                  ",Paicines,CA,95043,"$520,000",2,2,"1,100",39.5,36.643716,-121.022763
2,"
                  11121 Airline Hwy,
                  ",Paicines,CA,95043,"$829,500",3,2,"1,750",12.73,36.743932,-121.28008
3,"
                  981 New Idria Rd,
                  ",Paicines,CA,95043,"$1,800,000",3,1,"1,091",1681.0,40.195361,-122.24833
4,"
                  20381 Panoche Rd,
                  ",Paicines,CA,95043,"$470,000",3,1,"1,100",40.3,36.635911,-121.020729
5,"
                  30331 SE Panoche Rd,
                  ",Paicines,CA,95043,"$750,000",2,2,"2,100",476.0,37.151924,-119.646042
6,"
                  20459 Panoche Rd,
                  ",Paicines,CA,95043,"$750,000",3,2,"2,880",57.2,37.151924,-119.646042
7,"
                  34565 Panoche Rd,
                  ",Paicines,CA,95043,"$595,000",2,2,"1,328",40.0,36.66386,-121.169304
8,"
                  20334 Panoche Rd,
                  ",Paicines,CA,95043,"$719,900",2,2,"1,860",39.3,36.65841,-121.018215
1,"
                  1201 Manzanita Dr,
                  ",Hollister,CA,95023,"$580,000",4,2.5,"1,882","6,534",36.841718,-121.374642
2,"
                  308 Marks Dr,
                  ",Hollister,CA,95023,"$629,000",3,2,"1,794",0.23,36.811405,-121.37141
3,"
                  401 Powell St,
                  ",Hollister,CA,95023,"$425,000",2,1,876,"4,356",36.85241,-121.407382
4,"
                  1385 Panorama Dr,
                  ",Hollister,CA,95023,"$649,950",4,3,"2,687","8,204",36.827064,-121.377523
5,"
                  731 Walnut Ln,
                  ",Hollister,CA,95023,"$445,000",3,2,"1,296","5,663",36.846754,-121.410162
6,"
                  994 Powell St,
                  ",Hollister,CA,95023,"$499,000",3,2,"1,258","6,534",36.843558,-121.408201
7,"
                  Residence 2,
                  ",Hollister,CA,95023,"$510,000",3,2.5,"1,884",,36.85677,-121.402141
8,"
                  2121 Glarner St,
                  ",Hollister,CA,95023,"$580,000",4,2,"1,648","6,098",36.84521,-121.365412
9,"
                  750 W 2nd St,
                  ",Hollister,CA,95023,"$420,000",3,1,940,"7,405",36.855731,-121.410423
10,"
                  241 Ranchito Dr,
                  ",Hollister,CA,95023,"$505,000",3,2,"1,050","6,098",36.856359,-121.42772
11,"
                  92 Rob Ct,
                  ",Hollister,CA,95023,"$812,750",4,3.5,"3,268",0.25,36.810684,-121.352112
12,"
                  Residence 5,
                  ",Hollister,CA,95023,"$618,000",4,3.5,"2,731",,36.856749,-121.402077
13,"
                  1071 Oak St,
                  ",Hollister,CA,95023,"$549,900",3,2,"1,592","7,405",36.836394,-121.383092
14,"
                  1260 Highland Dr,
                  ",Hollister,CA,95023,"$509,000",3,1,"1,488","9,701",36.841097,-121.374058
15,"
                  1510 Foxwood St,
                  ",Hollister,CA,95023,"$609,000",4,3,"1,950","6,098",36.825385,-121.37576
16,"
                  4525 Fairview Rd,
                  ",Hollister,CA,95023,"$725,000",2,2,"2,064",5.4,36.880248,-121.359782
17,"
                  315 Linda Dr,
                  ",Hollister,CA,95023,"$774,999",4,3,"2,934",0.25,36.805338,-121.354495
18,"
                  Residence 3,
                  ",Hollister,CA,95023,"$536,000",4,2.5,"2,011",,36.85677,-121.402141
19,"
                  1250 Hilltop Rd,
                  ",Hollister,CA,95023,"$511,000",3,2,"1,400",0.24,36.830356,-121.380785
20,"
                  920 Lanini Dr,
                  ",Hollister,CA,95023,"$659,950",3,3,"2,200",0.23,36.809884,-121.35696
21,"
                  1321 Versailles Dr,
                  ",Hollister,CA,95023,"$549,900",3,2,"1,734","6,098",36.841831,-121.387054
22,"
                  Residence 1,
                  ",Hollister,CA,95023,"$499,000",3,2.5,"1,759",,36.85677,-121.402141
23,"
                  Audrey,
                  ",Hollister,CA,95023,"$675,990",4,2.5,"2,766",,36.819679,-121.388238
24,"
                  311 Holliday Dr,
                  ",Hollister,CA,95023,"$879,900",4,2.5,"2,133",0.96,36.834743,-121.364058
25,"
                  219 Sundance Dr,
                  ",Hollister,CA,95023,"$672,500",3,2,"2,027","8,420",36.832215,-121.397703
26,"
                  Residence 4,
                  ",Hollister,CA,95023,"$605,000",4,3,"2,473",,36.856749,-121.402077
27,"
                  Residence 2,
                  ",Hollister,CA,95023,"$564,000",3,2,"2,036",,36.856749,-121.402077
28,"
                  Orchid,
                  ",Hollister,CA,95023,"$622,490",4,2.5,"2,308",,36.819679,-121.388238
29,"
                  Residence 3,
                  ",Hollister,CA,95023,"$593,000",4,3,"2,378",,36.856749,-121.402077
30,"
                  The Carmel,
                  ",Hollister,CA,95023,"$589,900",3,2,"1,675",,36.83889,-121.35975
31,"
                  Ginger,
                  ",Hollister,CA,95023,"$660,490",4,2.5,"2,567",,36.819679,-121.388238
32,"
                  1282 Damasco Ln,
                  ",Hollister,CA,95023,"$584,900",3,2.5,"1,793","3,128",,
33,"
                  291 Dry Creek Rd,
                  ",Hollister,CA,95023,"$775,000",3,2,"2,288",1.04,36.843714,-121.371692
34,"
                  452 Segovia Dr,
                  ",Hollister,CA,95023,"$675,000",4,3.5,"3,015","5,001",,
35,"
                  Begonia,
                  ",Hollister,CA,95023,"$610,990",4,2.5,"2,033",,36.819679,-121.388238
36,"
                  525 Alicante Dr,
                  ",Hollister,CA,95023,"$543,970",3,2,"1,616","4,500",,
37,"
                  421 Segovia Dr,
                  ",Hollister,CA,95023,"$585,000",3,3,"2,037","5,005",,
38,"
                  493 Cobalt Dr,
                  ",Hollister,CA,95023,"$689,500",5,3,"2,478","5,027",,
39,"
                  1398 Azalea Ct,
                  ",Hollister,CA,95023,"$729,950",3,2,"2,003","6,120",,
40,"
                  Plan 1,
                  ",Hollister,CA,95023,"$518,000",3,2,"1,478",,36.824264,-121.388429
41,"
                  Residence 7,
                  ",Hollister,CA,95023,"$655,990",4,3,"2,571",,36.839132,-121.363473
42,"
                  Residence 1789,
                  ",Hollister,CA,95023,"$585,990",4,2,"1,789",,36.839132,-121.363473
43,"
                  Residence 1789,
                  ",Hollister,CA,95023,"$585,990",4,2,"1,789",,36.839132,-121.363473
44,"
                  1631 Castlerock Dr,
                  ",Hollister,CA,95023,"$697,900",4,3,"2,460","7,166",,
1,"
                  2341 Chittenden Rd,
                  ",San Juan Bautista,CA,95045,"$699,000",2,2,"1,356",1.85,36.900763,-121.593197
2,"
                  1600 Rocks Rd,
                  ",San Juan Bautista,CA,95045,"$479,000",4,2,"1,723",0.72,36.858349,-121.598422
3,"
                  306 5th St,
                  ",San Juan Bautista,CA,95045,"$460,000",3,2,"1,408","5,227",36.843654,-121.538329
4,"
                  6073 San Juan Canyon Rd,
                  ",San Juan Bautista,CA,95045,"$470,000",1,1,"1,078",3.54,36.79018,-121.456206
5,"
                  The Tahoe,
                  ",San Juan Bautista,CA,95045,"$678,950",4,2.5,"2,347",,36.852409,-121.544949
6,"
                  777 Olympia Ave,
                  ",San Juan Bautista,CA,95045,"$1,089,000",3,2,"3,576",5.02,36.850488,-121.496671
7,"
                  180 Lang St,
                  ",San Juan Bautista,CA,95045,"$569,999",3,2,"1,480","6,970",36.839988,-121.539526
8,"
                  307 7th St,
                  ",San Juan Bautista,CA,95045,"$549,000",3,2,"1,356","5,480",36.841973,-121.540183
9,"
                  1205 Vista Way,
                  ",San Juan Bautista,CA,95045,"$791,950",4,3.5,"3,085","7,000",,
10,"
                  956 Calle Cruz,
                  ",San Juan Bautista,CA,95045,"$949,000",3,2.5,"3,415",1.0,36.843344,-121.567548
11,"
                  The Colfax,
                  ",San Juan Bautista,CA,95045,"$659,950",3,2,"1,952",,36.852409,-121.544949
12,"
                  The Jackson,
                  ",San Juan Bautista,CA,95045,"$758,950",4,3.5,"3,085",,36.852409,-121.544949
13,"
                  270 Copperleaf Ln,
                  ",San Juan Bautista,CA,95045,"$709,000",5,3,"2,906","7,200",,
14,"
                  The Redding,
                  ",San Juan Bautista,CA,95045,"$725,950",4,3.5,"2,791",,36.852409,-121.544949
15,"
                  271 Copperleaf Ln,
                  ",San Juan Bautista,CA,95045,"$805,000",3,3,"2,906","7,048",,
16,"
                  853 Olympia Ave,
                  ",San Juan Bautista,CA,95045,"$1,200,000",3,1,"1,978",10.0,36.850521,-121.493561
17,"
                  4596 San Juan Canyon Rd,
                  ",San Juan Bautista,CA,95045,"$1,150,000",5,4.5,"3,800",5.61,36.801331,-121.482528
18,"
                  885 Via Vaquero Norte,
                  ",San Juan Bautista,CA,95045,"$1,100,000",5,3.5,"4,045",0.5,36.851405,-121.583415
19,"
                  350 Merrill Rd,
                  ",San Juan Bautista,CA,95045,"$1,100,000",4,2.5,"3,454",5.03,36.864965,-121.587283
20,"
                  The Ione,
                  ",San Juan Bautista,CA,95045,"$738,950",4,3.5,"2,701",,36.852409,-121.544949
21,"
                  230 Brown Rd,
                  ",San Juan Bautista,CA,95045,"$975,000",4,2.5,"2,931",4.69,36.872764,-121.587281
22,"
                  1135 Rancho Way,
                  ",San Juan Bautista,CA,95045,"$766,950",4,2.5,"2,347","7,153",36.853301,-121.546836
23,"
                  1200 Vista Way,
                  ",San Juan Bautista,CA,95045,"$709,950",4,2.5,"2,347","7,000",36.852802,-121.545559
24,"
                  1153 Vista Way,
                  ",San Juan Bautista,CA,95045,"$736,950",4,2.5,"2,347","7,079",36.851986,-121.545703
